target_industry,job_demand_signal,news_issue_summary,target_persona,likely_search_question,main_keyword,longtail_keywords,content_topic,cs_sharing_connection,source_basis,naver_trend_score,trend_note
금융/보험,"채용공고 snapshot 내 CS 관련 deduped 공고 72건(19.9%). 반복 신호: 상담원, 인바운드, 아웃바운드, 콜센터, 고객센터. 대표 공고 예시: 연산역 [정착금50만] NH농협카드 대표번호 CS상담 (영업X) -M30; 삼성역 [야근X] 다올저축은행(구, 유진) 대표번호 CS상담 -MM","뉴스 48건에서 문의, 상담, 고객센터, 민원, 해지 관련 표현이 반복됨. 반응이 있던 검색축: 보험 고객센터, 금융 민원","보험/금융 영업지원팀, 고객센터 관리자",보험 인바운드 상담에서 민원 리스크를 어떻게 줄일까?,보험 고객센터,"보험 인바운드 상담, 금융 민원 대응, 보험 해지 문의",보험·금융 인바운드 상담에서 민원 리스크를 줄이는 운영법,"상담 품질 관리, 민원 VOC 분석, 운영 대행","채용공고 snapshot: 72건; 네이버 뉴스 API: 48건; queries: 보험 고객센터, 금융 민원, 카드 고객센터 문의, 보험 해지 문의, 금융 고객 불만",14.32,"상대 트렌드 기준 '보험 고객센터'(main_keyword): recent_3m_avg=13.33, trend_delta=1.98, label=보합"
금융/보험,"채용공고 snapshot 내 CS 관련 deduped 공고 72건(19.9%). 반복 신호: 상담원, 인바운드, 아웃바운드, 콜센터, 고객센터. 대표 공고 예시: 연산역 [정착금50만] NH농협카드 대표번호 CS상담 (영업X) -M30; 삼성역 [야근X] 다올저축은행(구, 유진) 대표번호 CS상담 -MM","뉴스 48건에서 문의, 상담, 고객센터, 민원, 해지 관련 표현이 반복됨. 반응이 있던 검색축: 보험 고객센터, 금융 민원",카드/보험 고객지원팀장,카드·보험 고객센터 문의를 품질관리 관점에서 어떻게 봐야 할까?,금융 CS 품질관리,"카드 고객센터 문의, 보험 고객 불만, 상담 품질 모니터링",카드·보험 고객센터 문의를 품질관리 관점에서 보는 법,"상담 모니터링, VOC 분류, QA 리포트","채용공고 snapshot: 72건; 네이버 뉴스 API: 48건; queries: 보험 고객센터, 금융 민원, 카드 고객센터 문의, 보험 해지 문의, 금융 고객 불만",0.00,"상대 트렌드 기준 '금융 CS 품질관리'(main_keyword): recent_3m_avg=0.00, trend_delta=0.00, label=데이터 없음"
금융/보험,"채용공고 snapshot 내 CS 관련 deduped 공고 72건(19.9%). 반복 신호: 상담원, 인바운드, 아웃바운드, 콜센터, 고객센터. 대표 공고 예시: 연산역 [정착금50만] NH농협카드 대표번호 CS상담 (영업X) -M30; 삼성역 [야근X] 다올저축은행(구, 유진) 대표번호 CS상담 -MM","뉴스 48건에서 문의, 상담, 고객센터, 민원, 해지 관련 표현이 반복됨. 반응이 있던 검색축: 보험 고객센터, 금융 민원",금융 서비스 운영/준법 담당자,금융 CS 외주화 전에 보안과 품질 기준은 무엇을 확인해야 할까?,금융 CS 외주,"금융 고객센터 외주, 민원 응대 대행, 상담 보안",금융 CS 외주화 전 확인해야 할 보안·품질 체크리스트,"운영 프로세스, 상담 품질 기준, 민원 대응 체계","채용공고 snapshot: 72건; 네이버 뉴스 API: 48건; queries: 보험 고객센터, 금융 민원, 카드 고객센터 문의, 보험 해지 문의, 금융 고객 불만",0.00,"상대 트렌드 기준 '금융 CS 외주'(main_keyword): recent_3m_avg=0.00, trend_delta=0.00, label=데이터 없음"
렌탈/구독/AS,"채용공고 snapshot 내 CS 관련 deduped 공고 34건(9.4%). 반복 신호: 인바운드, 상담원, 고객센터, CS, 콜센터. 대표 공고 예시: A/S 상담원 모집; 양동시장 [8월말/9월말 택1] LG전자 콜센터 AS접수상담 -M20","뉴스 43건에서 AS, 민원, 해지, 고객센터, 문의 관련 표현이 반복됨. 반응이 있던 검색축: 렌탈 고객센터, 렌탈 AS","렌탈/구독 서비스 운영팀장, AS 관리자",렌탈 AS 접수와 해지 문의가 늘면 고객센터를 어떻게 운영해야 할까?,렌탈 고객센터,"렌탈 AS 접수, 구독 해지 문의, 정수기 고객센터",렌탈·구독 서비스 AS 접수와 해지 문의가 늘 때 고객센터를 정비하는 법,"AS 접수 대행, 해지 문의 응대, 상담 이력 관리","채용공고 snapshot: 34건; 네이버 뉴스 API: 43건; queries: 렌탈 고객센터, 렌탈 AS, 구독 서비스 해지 문의, 정수기 AS 민원, 렌탈 고객 불만",15.88,"상대 트렌드 기준 'CS 대행'(ai_cx_common_fallback): recent_3m_avg=45.37, trend_delta=-16.92, label=하락"
렌탈/구독/AS,"채용공고 snapshot 내 CS 관련 deduped 공고 34건(9.4%). 반복 신호: 인바운드, 상담원, 고객센터, CS, 콜센터. 대표 공고 예시: A/S 상담원 모집; 양동시장 [8월말/9월말 택1] LG전자 콜센터 AS접수상담 -M20","뉴스 43건에서 AS, 민원, 해지, 고객센터, 문의 관련 표현이 반복됨. 반응이 있던 검색축: 렌탈 고객센터, 렌탈 AS","AS 운영 관리자, 고객지원팀",설치·수리 문의를 놓치지 않으려면 상담 프로세스가 어떻게 필요할까?,AS 상담 운영,"AS 문의 대응, 설치 일정 상담, 수리 접수 고객센터",설치·수리 문의를 놓치지 않는 AS 상담 운영 기준,"접수 분류, 상담 품질 모니터링, 운영 대행","채용공고 snapshot: 34건; 네이버 뉴스 API: 43건; queries: 렌탈 고객센터, 렌탈 AS, 구독 서비스 해지 문의, 정수기 AS 민원, 렌탈 고객 불만",15.88,"상대 트렌드 기준 'CS 대행'(ai_cx_common_fallback): recent_3m_avg=45.37, trend_delta=-16.92, label=하락"
렌탈/구독/AS,"채용공고 snapshot 내 CS 관련 deduped 공고 34건(9.4%). 반복 신호: 인바운드, 상담원, 고객센터, CS, 콜센터. 대표 공고 예시: A/S 상담원 모집; 양동시장 [8월말/9월말 택1] LG전자 콜센터 AS접수상담 -M20","뉴스 43건에서 AS, 민원, 해지, 고객센터, 문의 관련 표현이 반복됨. 반응이 있던 검색축: 렌탈 고객센터, 렌탈 AS","구독 서비스 CX 담당자, 리텐션 매니저",구독 해지 문의를 VOC로 분석하면 이탈을 줄일 수 있을까?,구독 서비스 VOC,"구독 해지 상담, 고객 불만 분석, 렌탈 해지 방어",구독 해지 문의를 VOC로 분석해 이탈을 줄이는 방법,"AI VOC, 해지 사유 분석, 상담 스크립트 개선","채용공고 snapshot: 34건; 네이버 뉴스 API: 43건; queries: 렌탈 고객센터, 렌탈 AS, 구독 서비스 해지 문의, 정수기 AS 민원, 렌탈 고객 불만",15.88,"상대 트렌드 기준 'CS 대행'(ai_cx_common_fallback): recent_3m_avg=45.37, trend_delta=-16.92, label=하락"
이커머스/쇼핑몰,"채용공고 snapshot 내 CS 관련 deduped 공고 31건(8.6%). 반복 신호: CS, 상담원, 인바운드, 고객센터, 아웃바운드. 대표 공고 예시: [주 5일/정규직] CS 및 고객 지원(신입가능); 여성의류 쇼핑몰 운영팀 CS,교환/반품처리 직원 모집.","뉴스 50건에서 환불, 반품, 배송, 민원, 문의 관련 표현이 반복됨. 반응이 있던 검색축: 쇼핑몰 고객 불만, 이커머스 고객센터","쇼핑몰 대표, 운영팀장, CS 매니저",쇼핑몰 교환·반품 문의가 많을 때 CS 대행을 맡겨도 될까?,쇼핑몰 CS 대행,"쇼핑몰 교환 반품 문의, 쇼핑몰 고객센터 운영, 환불 문의 대응",교환·반품 문의가 늘어난 쇼핑몰이 CS 대행을 검토해야 하는 시점,"고객센터 운영 대행, 반복 문의 응대, AI VOC","채용공고 snapshot: 31건; 네이버 뉴스 API: 50건; queries: 쇼핑몰 고객 불만, 이커머스 고객센터, 온라인 쇼핑몰 환불, 쇼핑몰 교환 반품 민원, 쇼핑몰 문의 증가",20.69,"상대 트렌드 기준 '쇼핑몰 CS 대행'(main_keyword): recent_3m_avg=20.69, trend_delta=-18.97, label=하락"
이커머스/쇼핑몰,"채용공고 snapshot 내 CS 관련 deduped 공고 31건(8.6%). 반복 신호: CS, 상담원, 인바운드, 고객센터, 아웃바운드. 대표 공고 예시: [주 5일/정규직] CS 및 고객 지원(신입가능); 여성의류 쇼핑몰 운영팀 CS,교환/반품처리 직원 모집.","뉴스 50건에서 환불, 반품, 배송, 민원, 문의 관련 표현이 반복됨. 반응이 있던 검색축: 쇼핑몰 고객 불만, 이커머스 고객센터","이커머스 운영팀, 물류/CS 담당자",배송조회·환불 문의 때문에 쇼핑몰 CS가 밀리면 어떻게 정리해야 할까?,쇼핑몰 고객센터 운영,"배송조회 문의 대응, 주문취소 상담, 쇼핑몰 CS 자동화",배송조회·환불 문의를 줄이는 쇼핑몰 고객센터 운영 체크리스트,"반복 문의 분류, FAQ 개선, 상담 운영 대행","채용공고 snapshot: 31건; 네이버 뉴스 API: 50건; queries: 쇼핑몰 고객 불만, 이커머스 고객센터, 온라인 쇼핑몰 환불, 쇼핑몰 교환 반품 민원, 쇼핑몰 문의 증가",15.88,"상대 트렌드 기준 'CS 대행'(ai_cx_common_fallback): recent_3m_avg=45.37, trend_delta=-16.92, label=하락"
이커머스/쇼핑몰,"채용공고 snapshot 내 CS 관련 deduped 공고 31건(8.6%). 반복 신호: CS, 상담원, 인바운드, 고객센터, 아웃바운드. 대표 공고 예시: [주 5일/정규직] CS 및 고객 지원(신입가능); 여성의류 쇼핑몰 운영팀 CS,교환/반품처리 직원 모집.","뉴스 50건에서 환불, 반품, 배송, 민원, 문의 관련 표현이 반복됨. 반응이 있던 검색축: 쇼핑몰 고객 불만, 이커머스 고객센터","브랜드몰 운영자, CX 담당자",쇼핑몰 고객 불만을 VOC로 모으면 어떤 개선 포인트가 보일까?,쇼핑몰 VOC 분석,"고객 불만 분석, 교환 반품 VOC, 고객 문의 데이터",쇼핑몰 VOC를 콘텐츠와 운영 개선으로 연결하는 방법,"AI VOC 분석, 문의 유형 리포트, 상담 품질 관리","채용공고 snapshot: 31건; 네이버 뉴스 API: 50건; queries: 쇼핑몰 고객 불만, 이커머스 고객센터, 온라인 쇼핑몰 환불, 쇼핑몰 교환 반품 민원, 쇼핑몰 문의 증가",15.88,"상대 트렌드 기준 'CS 대행'(ai_cx_common_fallback): recent_3m_avg=45.37, trend_delta=-16.92, label=하락"
병원/헬스케어,"채용공고 snapshot 내 CS 관련 deduped 공고 28건(7.7%). 반복 신호: 상담원, 인바운드, CS, 아웃바운드, 콜센터. 대표 공고 예시: [안양/군포] 의료기기 CS/고객관리 담당자 (경력 2년 이상); 플라덴 성형외과 CX매니저/부실장 채용","뉴스 46건에서 상담, 문의, 예약, 민원, 불만 관련 표현이 반복됨. 반응이 있던 검색축: 병원 예약 문의 증가, 병원 민원","병원 원장, 실장, 상담팀장",예약·시술 문의가 몰릴 때 병원 고객센터를 외주화해도 될까?,병원 고객센터,"병원 예약 상담, 피부과 상담 문의, 병원 CS 대행",예약·시술 문의가 몰리는 병원 CS센터 운영법,"예약 문의 응대, 상담 품질 관리, 고객센터 운영 대행","채용공고 snapshot: 28건; 네이버 뉴스 API: 46건; queries: 병원 고객센터, 병원 예약 문의 증가, 병원 민원, 헬스케어 고객 불만, 피부과 상담 문의",90.00,"상대 트렌드 기준 '병원 예약 상담'(longtail_keyword): recent_3m_avg=100.00, trend_delta=100.00, label=상승"
병원/헬스케어,"채용공고 snapshot 내 CS 관련 deduped 공고 28건(7.7%). 반복 신호: 상담원, 인바운드, CS, 아웃바운드, 콜센터. 대표 공고 예시: [안양/군포] 의료기기 CS/고객관리 담당자 (경력 2년 이상); 플라덴 성형외과 CX매니저/부실장 채용","뉴스 46건에서 상담, 문의, 예약, 민원, 불만 관련 표현이 반복됨. 반응이 있던 검색축: 병원 예약 문의 증가, 병원 민원","병원 CS 관리자, 원무/상담 실장",병원 민원 응대 품질을 유지하려면 어떤 기준이 필요할까?,병원 민원 응대,"병원 고객 불만, 병원 CS 교육, 의료 상담 품질",병원 민원 응대에서 상담 품질을 유지하는 기준,"상담 매뉴얼, 품질 모니터링, VOC 리포트","채용공고 snapshot: 28건; 네이버 뉴스 API: 46건; queries: 병원 고객센터, 병원 예약 문의 증가, 병원 민원, 헬스케어 고객 불만, 피부과 상담 문의",15.88,"상대 트렌드 기준 'CS 대행'(ai_cx_common_fallback): recent_3m_avg=45.37, trend_delta=-16.92, label=하락"
병원/헬스케어,"채용공고 snapshot 내 CS 관련 deduped 공고 28건(7.7%). 반복 신호: 상담원, 인바운드, CS, 아웃바운드, 콜센터. 대표 공고 예시: [안양/군포] 의료기기 CS/고객관리 담당자 (경력 2년 이상); 플라덴 성형외과 CX매니저/부실장 채용","뉴스 46건에서 상담, 문의, 예약, 민원, 불만 관련 표현이 반복됨. 반응이 있던 검색축: 병원 예약 문의 증가, 병원 민원",검진센터/클리닉 운영 담당자,전화 문의가 많은 병원은 FAQ와 상담 분류를 어떻게 만들까?,병원 전화 문의,"검진 예약 문의, 클리닉 고객센터, 병원 상담 자동화",피부과·검진센터 전화 문의를 줄이는 FAQ·상담 프로세스,"FAQ 구축, 반복 문의 응대, AI 상담 도입","채용공고 snapshot: 28건; 네이버 뉴스 API: 46건; queries: 병원 고객센터, 병원 예약 문의 증가, 병원 민원, 헬스케어 고객 불만, 피부과 상담 문의",15.88,"상대 트렌드 기준 'CS 대행'(ai_cx_common_fallback): recent_3m_avg=45.37, trend_delta=-16.92, label=하락"
제조/유통,"채용공고 snapshot 내 CS 관련 deduped 공고 24건(6.6%). 반복 신호: CS, 상담원, 인바운드, 고객센터, 콜센터. 대표 공고 예시: [더진엠씨] CS / 수발주 담당 채용; 서비스탑 SKT+B 부산센터 상품 안내 및 컨설팅 상담사원 채용","뉴스 45건에서 민원, AS, 환불, 불만, 문의 관련 표현이 반복됨. 반응이 있던 검색축: 제조 고객센터, 유통 환불","제조사 고객지원팀, 유통사 운영팀",제품 문의와 AS 상담이 늘면 고객센터를 어떻게 정비해야 할까?,제품 AS 고객센터,"제조 고객센터, 제품 문의 증가, A/S 민원",제품 문의와 AS 상담이 늘어난 제조사가 고객센터를 정비하는 기준,"AS 접수, 제품 문의 응대, VOC 분석","채용공고 snapshot: 24건; 네이버 뉴스 API: 45건; queries: 제품 AS 민원, 제조 고객센터, 유통 환불, 제품 문의 증가, A/S 고객 불만",0.00,"상대 트렌드 기준 '제품 AS 고객센터'(main_keyword): recent_3m_avg=0.00, trend_delta=0.00, label=데이터 없음"
제조/유통,"채용공고 snapshot 내 CS 관련 deduped 공고 24건(6.6%). 반복 신호: CS, 상담원, 인바운드, 고객센터, 콜센터. 대표 공고 예시: [더진엠씨] CS / 수발주 담당 채용; 서비스탑 SKT+B 부산센터 상품 안내 및 컨설팅 상담사원 채용","뉴스 45건에서 민원, AS, 환불, 불만, 문의 관련 표현이 반복됨. 반응이 있던 검색축: 제조 고객센터, 유통 환불","유통사 CS 매니저, 브랜드 운영자",유통사 고객 문의를 반복 유형별로 줄일 수 있을까?,유통 고객센터,"유통 환불 문의, 제품 문의 대응, 고객센터 운영",유통사 고객 문의를 반복 유형별로 줄이는 방법,"반복 문의 분류, 상담 운영 대행, FAQ 개선","채용공고 snapshot: 24건; 네이버 뉴스 API: 45건; queries: 제품 AS 민원, 제조 고객센터, 유통 환불, 제품 문의 증가, A/S 고객 불만",1.47,"상대 트렌드 기준 '고객센터 운영'(longtail_keyword): recent_3m_avg=1.09, trend_delta=1.09, label=보합"
제조/유통,"채용공고 snapshot 내 CS 관련 deduped 공고 24건(6.6%). 반복 신호: CS, 상담원, 인바운드, 고객센터, 콜센터. 대표 공고 예시: [더진엠씨] CS / 수발주 담당 채용; 서비스탑 SKT+B 부산센터 상품 안내 및 컨설팅 상담사원 채용","뉴스 45건에서 민원, AS, 환불, 불만, 문의 관련 표현이 반복됨. 반응이 있던 검색축: 제조 고객센터, 유통 환불","품질관리팀, CX 담당자",제품 품질 이슈 VOC를 제품 개선과 콘텐츠로 연결할 수 있을까?,제품 VOC 분석,"품질 이슈 고객 불만, 제품 문의 데이터, AS VOC",품질 이슈 VOC를 제품 개선과 콘텐츠로 연결하는 법,"AI VOC, 품질 이슈 분류, 리포트 자동화","채용공고 snapshot: 24건; 네이버 뉴스 API: 45건; queries: 제품 AS 민원, 제조 고객센터, 유통 환불, 제품 문의 증가, A/S 고객 불만",0.00,"상대 트렌드 기준 '제품 VOC 분석'(main_keyword): recent_3m_avg=0.00, trend_delta=0.00, label=데이터 없음"
통신,"채용공고 snapshot 내 CS 관련 deduped 공고 21건(5.8%). 반복 신호: 상담원, 인바운드, 고객센터, 콜센터, 전화상담. 대표 공고 예시: [신림역/경력무관/칼퇴] 브로드밴드TS 상담직 채용; [부천역/신입가능/칼퇴] 브로드밴드TS 요금제 혜택안내 부서","뉴스 40건에서 민원, 요금, 문의, 상담, 고객센터 관련 표현이 반복됨. 반응이 있던 검색축: 통신 요금 민원, 인터넷 장애 문의","통신 대리점/서비스 운영팀, 고객센터 관리자",요금·해지 문의가 많은 통신 고객센터를 어떻게 개선할까?,통신 고객센터,"통신 해지 문의, 요금 민원, 인터넷 장애 문의",통신 해지·요금 문의가 많은 고객센터의 운영 개선법,"인바운드 상담 대행, 상담 스크립트, VOC 분석","채용공고 snapshot: 21건; 네이버 뉴스 API: 40건; queries: 통신 고객센터, 통신 요금 민원, 인터넷 장애 문의, 통신 해지 문의, 통신 고객 불만",0.00,"상대 트렌드 기준 '통신 고객센터'(main_keyword): recent_3m_avg=0.00, trend_delta=0.00, label=데이터 없음"
통신,"채용공고 snapshot 내 CS 관련 deduped 공고 21건(5.8%). 반복 신호: 상담원, 인바운드, 고객센터, 콜센터, 전화상담. 대표 공고 예시: [신림역/경력무관/칼퇴] 브로드밴드TS 상담직 채용; [부천역/신입가능/칼퇴] 브로드밴드TS 요금제 혜택안내 부서","뉴스 40건에서 민원, 요금, 문의, 상담, 고객센터 관련 표현이 반복됨. 반응이 있던 검색축: 통신 요금 민원, 인터넷 장애 문의",인터넷/통신 설치 운영 담당자,설치·장애 문의를 줄이려면 상담 분류를 어떻게 해야 할까?,인터넷 장애 문의,"통신 설치 문의, 장애 상담, 고객센터 민원",설치·장애 문의를 줄이는 상담 분류와 VOC 관리,"문의 유형 분류, 장애 VOC 리포트, 상담 운영","채용공고 snapshot: 21건; 네이버 뉴스 API: 40건; queries: 통신 고객센터, 통신 요금 민원, 인터넷 장애 문의, 통신 해지 문의, 통신 고객 불만",0.00,"상대 트렌드 기준 '인터넷 장애 문의'(main_keyword): recent_3m_avg=0.00, trend_delta=0.00, label=데이터 없음"
통신,"채용공고 snapshot 내 CS 관련 deduped 공고 21건(5.8%). 반복 신호: 상담원, 인바운드, 고객센터, 콜센터, 전화상담. 대표 공고 예시: [신림역/경력무관/칼퇴] 브로드밴드TS 상담직 채용; [부천역/신입가능/칼퇴] 브로드밴드TS 요금제 혜택안내 부서","뉴스 40건에서 민원, 요금, 문의, 상담, 고객센터 관련 표현이 반복됨. 반응이 있던 검색축: 통신 요금 민원, 인터넷 장애 문의",통신 상담센터 QA 담당자,통신 고객센터 상담 품질을 유지하려면 교육과 모니터링을 어떻게 해야 할까?,통신 상담 품질,"통신 CS 교육, 고객센터 QA, 요금제 상담 품질",통신 고객센터 상담 품질을 유지하는 교육·모니터링 기준,"상담 QA, 교육 운영, 품질 리포트","채용공고 snapshot: 21건; 네이버 뉴스 API: 40건; queries: 통신 고객센터, 통신 요금 민원, 인터넷 장애 문의, 통신 해지 문의, 통신 고객 불만",0.00,"상대 트렌드 기준 '통신 상담 품질'(main_keyword): recent_3m_avg=0.00, trend_delta=0.00, label=데이터 없음"
외식/서비스,"채용공고 snapshot 내 CS 관련 deduped 공고 18건(5.0%). 반복 신호: 인바운드, 상담원, 전화상담, 고객센터, 콜센터. 대표 공고 예시: [중구/월250/전환검토] 유명 프랜차이즈 브랜드 가맹사무 채용; [서울,강서] 룩스필라테스 강서지점 센터장 모집합니다.","뉴스 40건에서 민원, 환불, 문의, 불만, 상담 관련 표현이 반복됨. 반응이 있던 검색축: 프랜차이즈 고객 불만, 호텔 고객센터","프랜차이즈 본사, 서비스 운영팀",프랜차이즈 고객 불만이 늘면 본사 CS를 어떻게 운영해야 할까?,프랜차이즈 고객센터,"서비스 민원 대응, 매장 고객 불만, 예약 문의",프랜차이즈 고객 불만이 늘 때 본사 고객센터가 해야 할 일,"민원 응대 대행, VOC 분석, 매장별 이슈 리포트","채용공고 snapshot: 18건; 네이버 뉴스 API: 40건; queries: 프랜차이즈 고객 불만, 호텔 고객센터, 예약 문의 증가, 서비스 민원, 외식 환불",0.00,"상대 트렌드 기준 '프랜차이즈 고객센터'(main_keyword): recent_3m_avg=0.00, trend_delta=0.00, label=데이터 없음"
외식/서비스,"채용공고 snapshot 내 CS 관련 deduped 공고 18건(5.0%). 반복 신호: 인바운드, 상담원, 전화상담, 고객센터, 콜센터. 대표 공고 예시: [중구/월250/전환검토] 유명 프랜차이즈 브랜드 가맹사무 채용; [서울,강서] 룩스필라테스 강서지점 센터장 모집합니다.","뉴스 40건에서 민원, 환불, 문의, 불만, 상담 관련 표현이 반복됨. 반응이 있던 검색축: 프랜차이즈 고객 불만, 호텔 고객센터",호텔/예약 서비스 운영 담당자,예약 변경·취소 문의가 몰릴 때 고객센터를 어떻게 분리해야 할까?,예약 문의 고객센터,"호텔 고객센터, 예약 취소 문의, 서비스 환불",예약 변경·취소 문의가 몰리는 서비스업 CS 운영법,"인바운드 응대, 상담 분류, FAQ 개선","채용공고 snapshot: 18건; 네이버 뉴스 API: 40건; queries: 프랜차이즈 고객 불만, 호텔 고객센터, 예약 문의 증가, 서비스 민원, 외식 환불",0.00,"상대 트렌드 기준 '예약 문의 고객센터'(main_keyword): recent_3m_avg=0.00, trend_delta=0.00, label=데이터 없음"
외식/서비스,"채용공고 snapshot 내 CS 관련 deduped 공고 18건(5.0%). 반복 신호: 인바운드, 상담원, 전화상담, 고객센터, 콜센터. 대표 공고 예시: [중구/월250/전환검토] 유명 프랜차이즈 브랜드 가맹사무 채용; [서울,강서] 룩스필라테스 강서지점 센터장 모집합니다.","뉴스 40건에서 민원, 환불, 문의, 불만, 상담 관련 표현이 반복됨. 반응이 있던 검색축: 프랜차이즈 고객 불만, 호텔 고객센터",서비스 브랜드 CX 담당자,서비스 민원을 콘텐츠와 운영 개선에 같이 활용할 수 있을까?,서비스 VOC,"고객 불만 분석, 서비스 민원, 고객 경험 개선",서비스 민원을 VOC로 분석해 재방문 경험을 개선하는 방법,"AI VOC, 민원 유형 분석, 상담 품질 개선","채용공고 snapshot: 18건; 네이버 뉴스 API: 40건; queries: 프랜차이즈 고객 불만, 호텔 고객센터, 예약 문의 증가, 서비스 민원, 외식 환불",0.00,"상대 트렌드 기준 '서비스 VOC'(main_keyword): recent_3m_avg=0.00, trend_delta=0.00, label=데이터 없음"
