final_rank,priority_score,target_industry,content_topic,likely_search_question,main_keyword,supporting_evidence,cs_sharing_connection,recommended_channel,priority_reason,confidence_level
1,82.8,이커머스/쇼핑몰,교환·반품 문의가 늘어난 쇼핑몰이 CS 대행을 검토해야 하는 시점,쇼핑몰 교환·반품 문의가 많아졌을 때 CS 대행을 맡겨도 될까?,쇼핑몰 CS 대행,"채용공고 snapshot 기반 CS 수요 신호 31건; 뉴스 50건에서 환불, 반품, 배송, 민원 이슈 반복; 네이버 데이터랩 상대 트렌드 쇼핑몰 CS 대행: 최근3개월 20.69, 하락; Google Trends 상대 관심도에서 쇼핑몰 CS, 환불, 교환, 배송조회 축이 강함","고객센터 운영 대행, 반복 문의 응대, AI VOC",네이버 블로그/SEO,"즉시 발행 후보: 산업 수요 신호, 이슈성, CS쉐어링 연결성을 함께 고려했을 때 콘텐츠화 가능성이 높음.",High
2,80.0,공통/AI·CX,AI 상담을 도입해도 상담원이 필요한 이유: AICC와 운영 설계의 빈틈,AI 챗봇이나 AICC를 도입하면 고객센터 인력이 줄어들까?,AI 상담,"네이버 데이터랩 상대 트렌드 AI 상담: 최근3개월 44.91, 완만 하락; Google Trends와 자사 채널에서 AI 상담, AICC, AI CX 반응 신호 확인","AI 상담 솔루션, 상담원 운영, 예외 문의 처리, AI VOC",네이버 블로그 + 인스타 카드뉴스,즉시 발행 후보: 산업 특정성은 낮지만 자사 채널 반응과 서비스 연결성이 강해 리드 전환형/교육형 콘텐츠로 적합.,High
3,79.8,이커머스/쇼핑몰,배송조회·환불 문의가 쇼핑몰 CS를 마비시키는 이유와 분류법,배송조회와 환불 문의가 많을 때 쇼핑몰 고객센터를 어떻게 정리해야 할까?,쇼핑몰 고객센터 운영,"채용공고 snapshot 기반 CS 수요 신호 31건; 뉴스 50건에서 환불, 반품, 배송, 민원 이슈 반복; 네이버 데이터랩 상대 트렌드 쇼핑몰 고객센터 운영: 최근3개월 0.00, 데이터 없음; Google Trends 상대 관심도에서 쇼핑몰 CS, 환불, 교환, 배송조회 축이 강함","문의 유형 분류, FAQ 개선, 상담 운영 대행",네이버 블로그/SEO,"상위 실험 후보: 산업 수요 신호, 이슈성, CS쉐어링 연결성을 함께 고려했을 때 콘텐츠화 가능성이 높음.",High
4,79.0,공통/운영,채널톡·상담톡을 도입한 뒤에도 CS 운영이 막히는 이유,상담툴을 쓰고 있는데도 고객 문의 처리가 밀리는 이유는 뭘까?,고객센터 운영 효율화,"자사 채널에서 CS운영, CS품질, 고객응대, 고객센터운영 반응 신호 확인","상담툴 이후 운영 대행, 프로세스 설계, 상담 품질 관리",네이버 블로그/SEO,상위 실험 후보: 산업 특정성은 낮지만 자사 채널 반응과 서비스 연결성이 강해 리드 전환형/교육형 콘텐츠로 적합.,High
5,78.0,공통/중소기업,"중소기업 고객센터 운영, 직접 채용과 CS 대행 비용을 비교하는 법",중소기업이 CS 담당자를 뽑는 것과 CS 대행을 쓰는 것 중 뭐가 나을까?,CS아웃소싱 비용,"자사 채널에서 CS아웃소싱 비용, CS대행, 고객센터운영 반응 신호 확인","CS 대행 비용 구조, 운영 리스크, 상담 품질 관리",네이버 블로그/전환형 SEO,상위 실험 후보: 산업 특정성은 낮지만 자사 채널 반응과 서비스 연결성이 강해 리드 전환형/교육형 콘텐츠로 적합.,High
6,78.0,공통/운영,CS 품질 관리를 시작하는 중소기업을 위한 상담 QA 체크리스트,고객응대 품질을 높이려면 어떤 상담 기준을 봐야 할까?,CS 품질,"자사 채널에서 CS운영, CS품질, 고객응대, 고객센터운영 반응 신호 확인","상담 QA, 고객응대 매뉴얼, 품질 리포트",네이버 블로그 + 인스타 저장형 카드뉴스,상위 실험 후보: 산업 특정성은 낮지만 자사 채널 반응과 서비스 연결성이 강해 리드 전환형/교육형 콘텐츠로 적합.,High
7,77.8,이커머스/쇼핑몰,쇼핑몰 VOC를 콘텐츠와 운영 개선으로 연결하는 방법,쇼핑몰 고객 불만을 VOC로 모으면 어떤 개선 포인트가 보일까?,쇼핑몰 VOC 분석,"채용공고 snapshot 기반 CS 수요 신호 31건; 뉴스 50건에서 환불, 반품, 배송, 민원 이슈 반복; 네이버 데이터랩 상대 트렌드 쇼핑몰 VOC 분석: 최근3개월 0.00, 데이터 없음; Google Trends 상대 관심도에서 쇼핑몰 CS, 환불, 교환, 배송조회 축이 강함","AI VOC 분석, 문의 유형 리포트, 상담 품질 관리",네이버 블로그/리포트형 콘텐츠,"상위 실험 후보: 산업 수요 신호, 이슈성, CS쉐어링 연결성을 함께 고려했을 때 콘텐츠화 가능성이 높음.",Medium-High
8,75.0,병원/헬스케어,예약·시술 문의가 몰리는 병원 CS센터 운영법,예약 문의가 몰릴 때 병원 고객센터를 외주화해도 될까?,병원 고객센터,"채용공고 snapshot 기반 CS 수요 신호 28건; 뉴스 46건에서 상담, 문의, 예약, 민원 이슈 반복; 네이버 데이터랩 상대 트렌드 병원 고객센터: 최근3개월 10.34, 상승; 데이터랩 상대 트렌드에서 병원 예약 상담과 병원 고객센터 신호 확인","예약 문의 응대, 상담 품질 관리, 고객센터 운영 대행",네이버 블로그/SEO,"상위 실험 후보: 산업 수요 신호, 이슈성, CS쉐어링 연결성을 함께 고려했을 때 콘텐츠화 가능성이 높음.",High
9,73.2,렌탈/구독/AS,렌탈·구독 서비스 AS 접수와 해지 문의가 늘 때 고객센터를 정비하는 법,렌탈 AS 접수와 해지 문의가 늘면 고객센터를 어떻게 운영해야 할까?,렌탈 고객센터,"채용공고 snapshot 기반 CS 수요 신호 34건; 뉴스 43건에서 AS, 민원, 해지, 고객센터 이슈 반복; 네이버 데이터랩 상대 트렌드 렌탈 고객센터: 최근3개월 0.00, 데이터 없음; 뉴스에서 AS, 민원, 해지, 고객센터 표현이 반복됨","AS 접수 대행, 해지 문의 응대, 상담 이력 관리",네이버 블로그/SEO,"상위 실험 후보: 산업 수요 신호, 이슈성, CS쉐어링 연결성을 함께 고려했을 때 콘텐츠화 가능성이 높음.",High
10,73.2,렌탈/구독/AS,구독 해지 문의를 VOC로 분석해 이탈을 줄이는 방법,구독 해지 문의를 분석하면 고객 이탈을 줄일 수 있을까?,구독 서비스 VOC,"채용공고 snapshot 기반 CS 수요 신호 34건; 뉴스 43건에서 AS, 민원, 해지, 고객센터 이슈 반복; 네이버 데이터랩 상대 트렌드 구독 서비스 VOC: 최근3개월 0.00, 데이터 없음; 뉴스에서 AS, 민원, 해지, 고객센터 표현이 반복됨","AI VOC, 해지 사유 분석, 상담 스크립트 개선",네이버 블로그/리포트형 콘텐츠,"상위 실험 후보: 산업 수요 신호, 이슈성, CS쉐어링 연결성을 함께 고려했을 때 콘텐츠화 가능성이 높음.",Medium-High
11,72.4,금융/보험,보험·금융 인바운드 상담에서 민원 리스크를 줄이는 운영법,보험 인바운드 상담에서 민원 리스크를 어떻게 줄일 수 있을까?,보험 고객센터,"채용공고 snapshot 기반 CS 수요 신호 72건; 뉴스 48건에서 문의, 상담, 고객센터, 민원 이슈 반복; 네이버 데이터랩 상대 트렌드 보험 고객센터: 최근3개월 13.33, 보합","상담 품질 관리, 민원 VOC 분석, 운영 대행",네이버 블로그/전문성 콘텐츠,"상위 실험 후보: 산업 수요 신호, 이슈성, CS쉐어링 연결성을 함께 고려했을 때 콘텐츠화 가능성이 높음.",Medium-High
12,70.0,병원/헬스케어,병원 민원 응대에서 상담 품질을 유지하는 기준,병원 민원 응대 품질을 유지하려면 어떤 기준이 필요할까?,병원 민원 응대,"채용공고 snapshot 기반 CS 수요 신호 28건; 뉴스 46건에서 상담, 문의, 예약, 민원 이슈 반복; 네이버 데이터랩 상대 트렌드 병원 민원 응대: 최근3개월 0.00, 데이터 없음; 데이터랩 상대 트렌드에서 병원 예약 상담과 병원 고객센터 신호 확인","상담 매뉴얼, 품질 모니터링, VOC 리포트",네이버 블로그/SEO,"상위 실험 후보: 산업 수요 신호, 이슈성, CS쉐어링 연결성을 함께 고려했을 때 콘텐츠화 가능성이 높음.",Medium-High
13,69.4,금융/보험,금융 CS 외주화 전 확인해야 할 보안·품질 체크리스트,금융 고객센터를 외주화하기 전에 보안과 품질 기준은 무엇을 확인해야 할까?,금융 CS 외주,"채용공고 snapshot 기반 CS 수요 신호 72건; 뉴스 48건에서 문의, 상담, 고객센터, 민원 이슈 반복; 네이버 데이터랩 상대 트렌드 금융 CS 외주: 최근3개월 0.00, 데이터 없음","운영 프로세스, 상담 품질 기준, 민원 대응 체계",네이버 블로그/세일즈 보조 자료,"보조 발행 후보: 산업 수요 신호, 이슈성, CS쉐어링 연결성을 함께 고려했을 때 콘텐츠화 가능성이 높음.",Medium
14,69.2,렌탈/구독/AS,설치·수리 일정 문의를 놓치지 않는 AS 상담 프로세스,설치와 수리 일정 문의를 놓치지 않으려면 상담 프로세스가 어떻게 필요할까?,AS 상담 운영,"채용공고 snapshot 기반 CS 수요 신호 34건; 뉴스 43건에서 AS, 민원, 해지, 고객센터 이슈 반복; 네이버 데이터랩 상대 트렌드 AS 상담 운영: 최근3개월 0.00, 데이터 없음; 뉴스에서 AS, 민원, 해지, 고객센터 표현이 반복됨","AS 접수 분류, 상담 품질 모니터링, 운영 대행",네이버 블로그/SEO,"보조 발행 후보: 산업 수요 신호, 이슈성, CS쉐어링 연결성을 함께 고려했을 때 콘텐츠화 가능성이 높음.",Medium
15,61.8,제조/유통,제품 문의와 AS 상담이 늘어난 제조사가 고객센터를 정비하는 기준,제품 AS 문의가 늘면 고객센터를 어떻게 정비해야 할까?,제품 AS 고객센터,"채용공고 snapshot 기반 CS 수요 신호 24건; 뉴스 45건에서 민원, AS, 환불, 불만 이슈 반복; 네이버 데이터랩 상대 트렌드 제품 AS 고객센터: 최근3개월 0.00, 데이터 없음","AS 접수, 제품 문의 응대, 품질 VOC 분석",네이버 블로그/SEO,"보조 발행 후보: 산업 수요 신호, 이슈성, CS쉐어링 연결성을 함께 고려했을 때 콘텐츠화 가능성이 높음.",Medium-High
16,59.2,IT/SaaS/플랫폼,SaaS 고객지원 티켓이 쌓일 때 AI와 운영 대행을 함께 쓰는 기준,SaaS 고객지원 티켓이 쌓이면 AI 상담과 CS 대행 중 무엇부터 해야 할까?,SaaS 고객지원,채용공고 snapshot 기반 CS 수요 신호 12건,"티켓 분류, AI 상담, 반복 문의 응대, 운영 대행",네이버 블로그 + B2B thought leadership,"후순위 실험 후보: 산업 수요 신호, 이슈성, CS쉐어링 연결성을 함께 고려했을 때 콘텐츠화 가능성이 높음.",Medium
17,58.8,제조/유통,유통사 환불·제품 문의를 반복 유형별로 줄이는 방법,유통사 고객 문의를 반복 유형별로 줄일 수 있을까?,유통 고객센터,"채용공고 snapshot 기반 CS 수요 신호 24건; 뉴스 45건에서 민원, AS, 환불, 불만 이슈 반복; 네이버 데이터랩 상대 트렌드 유통 고객센터: 최근3개월 0.00, 데이터 없음","반복 문의 분류, 상담 운영 대행, FAQ 개선",네이버 블로그/SEO,"후순위 실험 후보: 산업 수요 신호, 이슈성, CS쉐어링 연결성을 함께 고려했을 때 콘텐츠화 가능성이 높음.",Medium
18,51.3,통신,통신 해지·요금·장애 문의가 많은 고객센터의 운영 개선법,요금과 해지 문의가 많은 통신 고객센터는 어떻게 개선해야 할까?,통신 고객센터,"채용공고 snapshot 기반 CS 수요 신호 21건; 뉴스 40건에서 민원, 요금, 문의, 상담 이슈 반복; 네이버 데이터랩 상대 트렌드 통신 고객센터: 최근3개월 0.00, 데이터 없음","인바운드 상담 대행, 상담 스크립트, VOC 분석",네이버 블로그/전문성 콘텐츠,"후순위 실험 후보: 산업 수요 신호, 이슈성, CS쉐어링 연결성을 함께 고려했을 때 콘텐츠화 가능성이 높음.",Medium
19,50.2,외식/서비스,프랜차이즈 고객 불만이 늘 때 본사 고객센터가 해야 할 일,프랜차이즈 고객 불만이 늘면 본사 CS를 어떻게 운영해야 할까?,프랜차이즈 고객센터,"채용공고 snapshot 기반 CS 수요 신호 18건; 뉴스 40건에서 민원, 환불, 문의, 불만 이슈 반복; 네이버 데이터랩 상대 트렌드 프랜차이즈 고객센터: 최근3개월 0.00, 데이터 없음","민원 응대 대행, VOC 분석, 매장별 이슈 리포트",인스타 카드뉴스 + 블로그 보조,"후순위 실험 후보: 산업 수요 신호, 이슈성, CS쉐어링 연결성을 함께 고려했을 때 콘텐츠화 가능성이 높음.",Medium-Low
20,35.3,교육/학원,수강 문의와 환불 상담이 늘어난 학원이 CS 대행을 검토하는 기준,학원 수강 문의와 환불 상담이 늘면 CS 대행을 써도 될까?,학원 상담 대행,채용공고 snapshot 기반 CS 수요 신호 11건,"인바운드 상담 대행, 환불 문의 응대, 문의 유형 분석",네이버 블로그/실험 콘텐츠,"후순위 실험 후보: 산업 수요 신호, 이슈성, CS쉐어링 연결성을 함께 고려했을 때 콘텐츠화 가능성이 높음.",Medium-Low
